Timestamp,Name
2025-06-28 19:17:27,Unknown
2025-06-28 19:17:27,Unknown
2025-06-28 19:17:27,Unknown
2025-06-28 19:17:27,eya
2025-06-28 19:17:28,eya
2025-06-28 19:17:28,eya
2025-06-28 19:17:28,eya
2025-06-28 19:17:29,eya
2025-06-28 19:17:29,eya
2025-06-28 19:17:29,eya
2025-06-28 19:17:29,eya
2025-06-28 19:17:30,eya
2025-06-28 19:17:30,eya
2025-06-28 19:17:30,Unknown
2025-06-28 19:17:31,eya
2025-06-28 19:17:31,eya
2025-06-28 19:17:31,eya
2025-06-28 19:17:31,eya
2025-06-28 19:17:32,eya
2025-06-28 19:17:32,eya
2025-06-28 19:17:32,eya
2025-06-28 19:17:33,eya
2025-06-28 19:17:33,eya
2025-06-28 19:17:33,eya
2025-06-28 19:17:34,eya
2025-06-28 19:17:34,eya
2025-06-28 19:17:34,eya
2025-06-28 19:17:34,eya
2025-06-28 19:17:35,eya
2025-06-28 19:17:35,eya
2025-06-28 19:17:35,eya
2025-06-28 19:17:36,eya
2025-06-28 19:17:36,eya
2025-06-28 19:17:36,eya
2025-06-28 19:17:36,eya
2025-06-28 19:17:37,eya
2025-06-28 19:17:37,eya
2025-06-28 19:17:37,eya
2025-06-28 19:17:38,eya
2025-06-28 19:17:38,eya
2025-06-28 19:17:38,eya
2025-06-28 19:17:39,eya
2025-06-28 19:17:39,eya
2025-06-28 19:17:39,eya
2025-06-28 19:17:39,eya
2025-06-28 19:17:40,eya
2025-06-28 19:17:40,eya
2025-06-28 19:17:40,eya
2025-06-28 19:17:41,eya
2025-06-28 19:17:41,eya
2025-06-28 19:17:41,eya
2025-06-28 19:17:41,eya
2025-06-28 19:17:42,eya
2025-06-28 19:17:42,eya
2025-06-28 19:17:42,eya
2025-06-28 19:17:43,eya
2025-06-28 19:17:43,eya
2025-06-28 19:17:43,Unknown
2025-06-28 19:17:43,eya
2025-06-28 19:17:44,eya
2025-06-28 19:17:44,eya
2025-06-28 19:17:44,eya
2025-06-28 19:17:45,eya
2025-06-28 19:17:45,eya
2025-06-28 19:17:45,eya
2025-06-28 19:17:46,eya
2025-06-28 19:17:46,eya
2025-06-28 19:17:46,eya
2025-06-28 19:17:46,eya
2025-06-28 19:17:47,eya
2025-06-28 20:20:51,Unknown
2025-06-28 20:20:51,eya
2025-06-28 20:20:51,eya
2025-06-28 20:20:52,Unknown
2025-06-28 20:20:52,eya
2025-06-28 20:20:52,eya
2025-06-28 20:20:53,eya
2025-06-28 20:20:53,eya
2025-06-28 20:20:53,Unknown
2025-06-28 20:20:55,eya
2025-06-28 20:20:55,eya
2025-06-28 20:20:55,eya
2025-06-28 20:20:56,eya
2025-06-28 20:20:56,eya
2025-06-28 20:20:56,eya
2025-06-28 20:20:56,eya
2025-06-28 20:20:57,Unknown
2025-06-28 20:20:57,eya
2025-06-28 20:20:57,eya
2025-06-28 20:20:58,eya
2025-06-28 20:20:58,eya
2025-06-28 20:20:58,eya
2025-06-28 20:20:59,eya
2025-06-28 20:20:59,eya
2025-06-28 20:20:59,eya
2025-06-28 20:20:59,eya
2025-06-28 20:21:00,eya
2025-06-28 20:21:00,eya
2025-06-28 20:21:00,eya
2025-06-28 20:21:01,eya
2025-06-28 20:21:01,eya
2025-06-28 20:21:01,eya
2025-06-28 20:21:01,eya
2025-06-28 20:21:02,eya
2025-06-28 20:21:02,eya
2025-06-28 20:21:02,eya
2025-06-28 20:21:03,eya
2025-06-28 20:21:03,eya
2025-06-28 20:21:03,eya
2025-06-28 20:21:04,eya
2025-06-28 20:21:04,eya
2025-06-28 20:21:04,eya
2025-06-28 20:21:04,eya
2025-06-28 20:22:34,eya
2025-06-28 20:22:34,Unknown
2025-06-28 20:22:34,eya
2025-06-28 20:22:34,eya
2025-06-28 20:22:34,eya
2025-06-28 20:22:34,Unknown
2025-06-28 20:22:35,eya
2025-06-28 20:22:35,Unknown
2025-06-28 20:22:35,eya
2025-06-28 20:22:35,eya
2025-06-28 20:22:35,Unknown
2025-06-28 20:22:35,eya
2025-06-28 20:22:36,Unknown
2025-06-28 20:22:36,eya
2025-06-28 20:22:36,Unknown
2025-06-28 20:22:36,eya
2025-06-28 20:22:36,eya
2025-06-28 20:22:37,Unknown
2025-06-28 20:22:37,eya
2025-06-28 20:22:37,eya
2025-06-28 20:22:37,Unknown
2025-06-28 20:22:37,eya
2025-06-28 20:22:38,eya
2025-06-28 20:22:38,eya
2025-06-28 20:22:38,Unknown
2025-06-28 20:22:38,eya
2025-06-28 20:22:38,Unknown
2025-06-28 20:22:39,eya
2025-06-28 20:22:39,Unknown
2025-06-28 20:22:39,eya
2025-06-28 20:22:39,Unknown
2025-06-28 20:22:39,eya
2025-06-28 20:22:39,Unknown
2025-06-28 20:22:40,Unknown
2025-06-28 20:22:40,eya
2025-06-28 20:22:40,Unknown
2025-06-28 20:22:40,eya
2025-06-28 20:22:40,eya
2025-06-28 20:22:40,Unknown
2025-06-28 20:22:41,eya
2025-06-28 20:22:41,eya
2025-06-28 20:22:41,Unknown
2025-06-28 20:22:41,Unknown
2025-06-28 20:22:41,Unknown
2025-06-28 20:22:42,Unknown
2025-06-28 20:22:42,Unknown
2025-06-28 20:22:42,Unknown
2025-06-28 20:22:43,Unknown
2025-06-28 20:22:43,Unknown
2025-06-28 20:22:43,eya
2025-06-28 20:22:43,Unknown
2025-06-28 20:22:43,eya
2025-06-28 20:22:44,Unknown
2025-06-28 20:22:44,eya
2025-06-28 20:22:44,Unknown
2025-06-28 20:22:44,eya
2025-06-28 20:22:44,Unknown
2025-06-28 20:22:45,Unknown
2025-06-28 20:22:45,eya
2025-06-28 20:22:45,eya
2025-06-28 20:22:45,Unknown
2025-06-28 20:22:45,eya
2025-06-28 20:22:45,Unknown
2025-06-28 20:22:46,eya
2025-06-28 20:22:46,Unknown
2025-06-28 20:22:46,eya
2025-06-28 20:22:46,Unknown
2025-06-28 20:22:46,Unknown
2025-06-28 20:22:46,eya
2025-06-28 20:22:47,Unknown
2025-06-28 20:22:47,eya
2025-06-28 20:22:47,Unknown
2025-06-28 20:22:47,eya
2025-06-28 20:22:47,eya
2025-06-28 20:22:47,Unknown
2025-06-28 20:22:48,Unknown
2025-06-28 20:22:48,eya
2025-06-28 20:22:48,Unknown
2025-06-28 20:22:48,eya
2025-06-28 20:22:48,Unknown
2025-06-28 20:22:48,eya
2025-06-28 20:22:49,eya
2025-06-28 20:22:49,Unknown
2025-06-28 20:22:49,eya
2025-06-28 20:22:49,Unknown
2025-06-28 20:22:49,Unknown
2025-06-28 20:22:49,eya
2025-06-28 20:22:50,Unknown
2025-06-28 20:22:50,eya
2025-06-28 20:22:50,Unknown
2025-06-28 20:22:50,eya
2025-06-28 20:22:50,Unknown
2025-06-28 20:22:50,eya
2025-06-28 20:22:51,Unknown
2025-06-28 20:22:51,eya
2025-06-28 20:22:51,Unknown
2025-06-28 20:22:51,eya
2025-06-28 20:22:51,Unknown
2025-06-28 20:22:51,eya
2025-06-28 20:22:52,Unknown
2025-06-28 20:22:52,eya
2025-06-28 20:22:52,Unknown
2025-06-28 20:22:52,eya
2025-06-28 20:22:52,Unknown
2025-06-28 20:22:52,eya
2025-06-28 20:22:53,Unknown
2025-06-28 20:22:53,eya
2025-06-28 20:22:53,Unknown
2025-06-28 20:22:53,Unknown
2025-06-28 20:22:54,Unknown
2025-06-28 20:22:56,Unknown
2025-06-28 20:22:56,eya
2025-06-28 20:22:56,Unknown
2025-06-28 20:22:57,Unknown
2025-06-28 20:22:57,eya
2025-06-28 20:22:57,Unknown
2025-06-28 20:22:58,Unknown
2025-06-28 20:22:58,Unknown
2025-06-28 20:22:58,eya
2025-06-28 20:22:59,Unknown
2025-06-28 20:22:59,eya
2025-06-28 20:22:59,eya
2025-06-28 20:22:59,eya
2025-06-28 20:23:00,Unknown
2025-06-28 20:23:00,eya
2025-06-28 20:23:01,Unknown
2025-06-28 20:23:01,Unknown
2025-06-28 20:23:02,Unknown
2025-06-28 20:23:02,Unknown
2025-06-28 20:23:02,Unknown
2025-06-28 20:23:03,Unknown
2025-06-28 20:23:03,Unknown
2025-06-28 20:23:03,Unknown
2025-06-29 11:06:23,Unknown
2025-06-29 11:06:24,Unknown
2025-06-29 11:06:25,eya
2025-06-29 11:06:25,eya
2025-06-29 11:06:26,eya
2025-06-29 11:06:26,eya
2025-06-29 11:06:26,eya
2025-06-29 11:06:27,eya
2025-06-29 11:06:27,eya
2025-06-29 11:06:27,eya
2025-06-29 11:06:28,eya
2025-06-29 11:06:28,eya
2025-06-29 11:06:28,eya
2025-06-29 11:06:29,eya
2025-06-29 11:06:29,eya
2025-06-29 11:06:30,Unknown
2025-06-29 11:06:31,eya
2025-06-29 11:06:31,eya
2025-06-29 11:06:31,Unknown
2025-06-29 11:06:32,eya
2025-06-29 11:06:32,Unknown
2025-06-29 11:06:33,Unknown
2025-06-29 11:06:33,eya
2025-06-29 11:06:33,eya
2025-06-29 11:06:33,eya
2025-06-29 11:06:34,Unknown
2025-06-29 11:06:34,eya
2025-06-29 11:06:35,Unknown
2025-06-29 11:06:35,eya
2025-06-29 11:06:36,Unknown
2025-06-29 11:06:36,eya
2025-06-29 11:06:36,eya
2025-06-29 11:06:37,eya
2025-06-29 11:06:37,eya
2025-06-29 11:06:37,eya
2025-06-29 11:06:38,eya
2025-06-29 11:06:40,eya
2025-06-29 11:06:41,eya
2025-06-29 11:06:41,eya
2025-06-29 11:06:41,eya
2025-06-29 11:06:42,eya
2025-06-29 11:06:42,eya
2025-06-29 11:06:42,eya
2025-06-29 11:06:43,eya
2025-06-29 11:06:43,eya
2025-06-29 11:06:43,eya
2025-06-29 11:06:43,eya
2025-06-29 11:06:44,eya
2025-06-29 11:06:44,eya
2025-06-29 11:06:44,eya
2025-06-29 11:06:45,eya
2025-06-29 11:06:45,eya
2025-06-29 11:06:45,eya
2025-06-29 11:06:45,eya
2025-06-29 11:06:46,eya
2025-06-29 11:06:46,lamia
2025-06-29 11:06:46,eya
2025-06-29 11:06:46,Unknown
2025-06-29 11:06:47,eya
2025-06-29 11:06:47,Unknown
2025-06-29 11:06:48,eya
2025-06-29 11:06:48,Unknown
2025-06-29 11:06:49,eya
2025-06-29 11:06:49,Unknown
2025-06-29 11:06:49,eya
2025-06-29 11:06:50,lamia
2025-06-29 11:06:50,eya
2025-06-29 11:06:50,Unknown
2025-06-29 11:06:51,eya
2025-06-29 11:06:51,Unknown
2025-06-29 11:06:51,eya
2025-06-29 11:06:52,Unknown
2025-06-29 11:06:52,eya
2025-06-29 11:06:53,Unknown
2025-06-29 11:06:53,eya
2025-06-29 11:06:53,Unknown
2025-06-29 11:06:54,Unknown
2025-06-29 11:06:55,Unknown
2025-06-29 11:06:56,Unknown
2025-06-29 11:06:57,Unknown
2025-06-29 11:06:58,Unknown
2025-06-29 11:06:58,eya
2025-06-29 11:06:59,Unknown
2025-06-29 11:06:59,eya
2025-06-29 11:06:59,Unknown
2025-06-29 11:07:00,eya
